"Block","ID","What we are testing","Before you start","What to do","What you should see","Priority","Tester","Date","Result","Notes"
"SIGN IN  (`/login`)","T-01","Sign in with email and password","You have an account and its password.","1. Open the portal.
2. Enter your email and password.
3. Press Sign in.","The password step is accepted and the screen asks for a code.","CRITICAL","","","Not Run",""
"SIGN IN  (`/login`)","T-02","The code arrives and signs you in","You are on the code step from T-01.","1. Read the code that was sent to you.
2. Enter it.
3. Press Verify.","You land on the dashboard, signed in, with your name shown.","CRITICAL","","","Not Run",""
"SIGN IN  (`/login`)","T-03","A wrong code is refused","You are on the code step.","1. Enter a code that is not the one you were sent.
2. Press Verify.","You are told the code is wrong and you stay signed out.","HIGH","","","Not Run",""
"SIGN IN  (`/login`)","T-04","A code cannot be used twice","You have signed in once with a code (T-02).","1. Sign out.
2. Sign in again with the same email and password.
3. Enter the PREVIOUS code.","The old code is refused; only the new one works.","HIGH","","","Not Run",""
"SIGN IN  (`/login`)","T-05","Wrong password","You know the account's real password.","1. Enter the right email with a wrong password.
2. Press Sign in.","You are told the details are wrong. No code is sent.","HIGH","","","Not Run",""
"SIGN IN  (`/login`)","T-06","Forgotten password","You can read the mail for this account.","1. Press Forgot password.
2. Enter your email.
3. Follow the mail and set a new password.
4. Sign in with the new password.","The new password works and the old one no longer does.","HIGH","","","Not Run",""
"SIGN IN  (`/login`)","T-07","Staying signed in","You are signed in.","1. Reload the page.
2. Open another screen.","You stay signed in; you are not asked for the code again.","MEDIUM","","","Not Run",""
"SIGN IN  (`/login`)","T-08","Sign out","You are signed in.","1. Press Sign out.
2. Press the browser Back button.","You are returned to the sign-in screen and Back does not get you in.","CRITICAL","","","Not Run",""
"ACCOUNTS  (`/accounts`)","T-09","Account details","You have full access.","1. Open the account details.
2. Change a contact detail and save.
3. Reload the page.","The change is saved and shown after reloading.","MEDIUM","","","Not Run","See known issues — this currently fails."
"ACCOUNTS  (`/accounts`)","T-10","Create an account","You have full access.","1. Press Create New.
2. Fill in a name, an email and permissions.
3. Save.
4. Sign in as that account in another browser profile.","The account appears in the list and can sign in.","HIGH","","","Not Run",""
"ACCOUNTS  (`/accounts`)","T-11","Permissions decide the menu","The account from T-10, with only Calls allowed.","1. Edit its permissions to Calls only.
2. Sign in as that account.","Only the screens it is allowed appear; the rest are not reachable, including by typing the address.","CRITICAL","","","Not Run",""
"ACCOUNTS  (`/accounts`)","T-12","Read-only permission","An account with read-only rights on a screen.","1. Sign in as it.
2. Open that screen and try to save a change.","The screen opens, the save is refused, nothing changes.","HIGH","","","Not Run",""
"ACCOUNTS  (`/accounts`)","T-13","Reset an account password","The account from T-10.","1. Open it.
2. Press Reset Password.
3. Sign in with the new password.","The new password works; the old one does not.","MEDIUM","","","Not Run",""
"ACCOUNTS  (`/accounts`)","T-14","API token for an account","You have full access.","1. Open an account.
2. Press Generate Basic Auth Token.
3. Note it.","A token is shown and can be copied.","LOW","","","Not Run",""
"ACCOUNTS  (`/accounts`)","T-15","Disable an account","The account from T-10.","1. Switch it off.
2. Try to sign in as it.","It cannot sign in while disabled, and can again once re-enabled.","HIGH","","","Not Run",""
"ACCOUNTS  (`/accounts`)","T-16","Delete an account","The account from T-10.","1. Delete it.
2. Reload the list.
3. Try to sign in as it.","It is gone from the list and cannot sign in.","MEDIUM","","","Not Run",""
"ACCOUNTS  (`/accounts`)","T-17","One customer cannot see another","needs: a second customer on the same system.","1. Sign in as an account of customer A.
2. Open the accounts list.","Only customer A's accounts are listed. Nothing of customer B appears anywhere.","CRITICAL","","","Not Run",""
"ACCOUNTS  (`/accounts`)","T-18","Finding an account","More than a page of accounts.","1. Search for one by name or email.
2. Page through the list.","The search finds it and paging does not lose or repeat rows.","LOW","","","Not Run",""
"MY ACCOUNT AND CUSTOMER  (`/account`)","T-19","Your own profile","You are signed in.","1. Open your account.
2. Change your display name and save.
3. Reload.","The new name is kept and is shown in the top bar.","MEDIUM","","","Not Run",""
"MY ACCOUNT AND CUSTOMER  (`/account`)","T-20","Company details","You have full access.","1. Open the customer details.
2. Change the company contact details and save.
3. Reload.","The change is kept.","MEDIUM","","","Not Run",""
"MY ACCOUNT AND CUSTOMER  (`/account`)","T-21","Switching customer","needs: an account with more than one customer.","1. Use the customer switcher.
2. Open Devices and Calls.","Every screen now shows the other customer's data, and nothing of the first.","HIGH","","","Not Run",""
"MY ACCOUNT AND CUSTOMER  (`/account`)","T-22","Changing your password","You know your current password.","1. Change your password.
2. Sign out and back in.","Only the new password works.","MEDIUM","","","Not Run",""
"APPLICATIONS  (`/environments`)","T-23","Create an application","You have full access.","1. Create an application with a name and a domain.
2. Save.","It appears in the list and can be picked in the environment selector.","CRITICAL","","","Not Run",""
"APPLICATIONS  (`/environments`)","T-24","Edit an application","The application from T-23.","1. Change its name and save.
2. Reload.","The new name shows everywhere it is listed.","MEDIUM","","","Not Run",""
"APPLICATIONS  (`/environments`)","T-25","Give an account access to it","The application from T-23 and a second account.","1. Add the application to that account.
2. Sign in as that account.","The account can now pick that application and see its data.","HIGH","","","Not Run",""
"APPLICATIONS  (`/environments`)","T-26","Delete an application","An application with at least one device, one user and one number on it.","1. Note what is on it.
2. Delete it.
3. Open Devices, Users and Routing.","The application is gone AND everything that belonged to it is gone too — no leftover devices, users or numbers.","HIGH","","","Not Run","The point of this row is the leftovers, not the application."
"APPLICATIONS  (`/environments`)","T-27","Bulk change","Several applications.","1. Select more than one.
2. Apply a change to all of them.","Every selected application is changed; the others are untouched.","LOW","","","Not Run",""
"USERS  (`/users`)","T-28","Create a user","An application exists.","1. Press Create User.
2. Fill in name, email and extension number.
3. Save.
4. Open Devices.","The user is listed AND a device for them appears on Devices.","CRITICAL","","","Not Run",""
"USERS  (`/users`)","T-29","The new user's phone can register","The user from T-28. needs: a softphone.","1. Configure the softphone with that extension and its password.
2. Register it.
3. Open Devices.","The phone registers and the device shows as online.","CRITICAL","","","Not Run","A device that exists but was never sent to its node looks fine here and refuses every registration — this row is what catches that."
"USERS  (`/users`)","T-30","The user can sign in to the portal","The user from T-28.","1. Sign in at the user portal with their email and password.","They reach their own screens (My calls, Phone) and see only their own calls.","CRITICAL","","","Not Run",""
"USERS  (`/users`)","T-31","Edit a user","The user from T-28.","1. Change their name and save.
2. Reload.","The change is kept and shows on their device too.","MEDIUM","","","Not Run",""
"USERS  (`/users`)","T-32","Import users from a file","A CSV of a few users.","1. Press Import CSV.
2. Choose the file.
3. Import.","Every row in the file becomes a user, and the count matches. Bad rows are reported rather than silently skipped.","MEDIUM","","","Not Run",""
"USERS  (`/users`)","T-33","Delete a user","The user from T-28.","1. Delete them.
2. Open Devices.
3. Try to register their softphone.","The user and their device are gone and the phone can no longer register.","HIGH","","","Not Run",""
"DEVICES  (`/extensions`)","T-34","Create a device","An application exists.","1. Press Add Device.
2. Fill in Name, Device Number and SIP Password.
3. Save.","It appears in the list straight away.","CRITICAL","","","Not Run",""
"DEVICES  (`/extensions`)","T-35","The device registers","The device from T-34. needs: a softphone.","1. Point the softphone at the platform with that number and password.
2. Register.
3. Reload the list.","The device shows as registered / online.","CRITICAL","","","Not Run",""
"DEVICES  (`/extensions`)","T-36","Call between two devices","Two registered devices. needs: two softphones.","1. From device A, dial device B's number.","B rings, the call connects, both sides have audio, and hanging up ends it on both.","CRITICAL","","","Not Run",""
"DEVICES  (`/extensions`)","T-37","Wrong password is refused","The device from T-34.","1. Set the wrong SIP password on the softphone.
2. Register.","Registration is refused and the device stays offline.","HIGH","","","Not Run",""
"DEVICES  (`/extensions`)","T-38","Edit a device","The device from T-34.","1. Change its name and save.
2. Reload.","The change is kept.","MEDIUM","","","Not Run",""
"DEVICES  (`/extensions`)","T-39","Change the SIP password","A registered device.","1. Change its SIP password.
2. Re-register the softphone with the new one.","The new password works; the old one is refused.","MEDIUM","","","Not Run",""
"DEVICES  (`/extensions`)","T-40","Import devices from a file","A CSV of a few devices.","1. Press Import CSV.
2. Choose the file and import.","Every row becomes a device and the count matches.","MEDIUM","","","Not Run",""
"DEVICES  (`/extensions`)","T-41","Filter the list","More than a page of devices.","1. Use the filters and the search box.
2. Page through.","Results match what you asked for; paging does not lose or repeat rows.","LOW","","","Not Run",""
"DEVICES  (`/extensions`)","T-42","Delete a device","The device from T-34.","1. Delete it.
2. Try to register its softphone.","It is gone from the list and can no longer register.","HIGH","","","Not Run",""
"ROUTING AND NUMBERS  (`/routing`)","T-43","Add a number","An application exists.","1. Press Add DID.
2. Enter the number and save.","It is listed against that application.","CRITICAL","","","Not Run",""
"ROUTING AND NUMBERS  (`/routing`)","T-44","A number rings a device","The number from T-43 and a registered device. needs: a way to dial the number.","1. Point the number at that device.
2. Call the number from outside.","The device rings, the call connects with audio both ways.","CRITICAL","","","Not Run",""
"ROUTING AND NUMBERS  (`/routing`)","T-45","A number goes to an IVR","An IVR with at least one option.","1. Point the number at the IVR.
2. Call it.
3. Press the option.","You hear the menu and the key press takes you where the option says.","HIGH","","","Not Run",""
"ROUTING AND NUMBERS  (`/routing`)","T-46","A number goes to a queue","A queue with an agent logged in.","1. Point the number at the queue.
2. Call it.","You hear the queue treatment and the agent's phone rings.","HIGH","","","Not Run",""
"ROUTING AND NUMBERS  (`/routing`)","T-47","Out-of-hours routing","A call condition for out of hours.","1. Put a condition on the number so out of hours goes elsewhere.
2. Call it inside hours, then outside.","Each call lands where the condition says.","MEDIUM","","","Not Run",""
"ROUTING AND NUMBERS  (`/routing`)","T-48","Copy a number's setup","A number that is fully set up.","1. Press Duplicate DID.
2. Give it another number and save.","The copy has the same routing, with the new number.","LOW","","","Not Run",""
"ROUTING AND NUMBERS  (`/routing`)","T-49","Import numbers from a file","A CSV of numbers.","1. Import DIDs from CSV.","Every row becomes a number and the count matches.","MEDIUM","","","Not Run",""
"ROUTING AND NUMBERS  (`/routing`)","T-50","Delete a number","The number from T-43.","1. Delete it.
2. Call it.","It is gone from the list and the call is not answered by the platform.","HIGH","","","Not Run",""
"ROUTING AND NUMBERS  (`/routing`)","T-51","Calling between two sites","needs: two PBXs / sites connected by a trunk rule.","1. From a phone on site A, dial a site B extension.","The call reaches site B and connects.","MEDIUM","","","Not Run",""
"ROUTING RESOURCES — queues, IVRs, announcements, conditions","T-52","Create a queue","A device to act as agent.","1. Press Create Queue.
2. Add the device as an agent.
3. Save.","The queue is listed with its agent.","HIGH","","","Not Run",""
"ROUTING RESOURCES — queues, IVRs, announcements, conditions","T-53","A queue call reaches the agent","The queue from T-52, agent registered.","1. Call into the queue.","The agent's phone rings; answering connects the caller; the call appears in Calls.","HIGH","","","Not Run",""
"ROUTING RESOURCES — queues, IVRs, announcements, conditions","T-54","Agent availability","The queue from T-52.","1. Set the agent unavailable.
2. Call the queue.
3. Set them available and call again.","An unavailable agent is not rung; an available one is.","MEDIUM","","","Not Run",""
"ROUTING RESOURCES — queues, IVRs, announcements, conditions","T-55","Create an IVR","An announcement to play.","1. Press Create IVR.
2. Add a greeting and at least one key option.
3. Save.","The IVR is listed with its options.","HIGH","","","Not Run",""
"ROUTING RESOURCES — queues, IVRs, announcements, conditions","T-56","Upload an announcement","An audio file.","1. Press Create New Announcement.
2. Upload the file and save.
3. Play it back on the screen.","The recording is stored and plays back correctly.","MEDIUM","","","Not Run",""
"ROUTING RESOURCES — queues, IVRs, announcements, conditions","T-57","Make an announcement from text","Text-to-speech configured.","1. Open an announcement.
2. Type the words and press Generate Audio.
3. Play it back.","The spoken audio matches the text and is saved.","MEDIUM","","","Not Run",""
"ROUTING RESOURCES — queues, IVRs, announcements, conditions","T-58","Create a call condition","An application exists.","1. Press Create Call Condition.
2. Set a time range and a destination.
3. Save.","It is listed and can be picked when routing a number.","MEDIUM","","","Not Run",""
"ROUTING RESOURCES — queues, IVRs, announcements, conditions","T-59","Voicemail","A device with voicemail.","1. Call it and leave a message when it goes unanswered.
2. Open the voicemail list.","The message is listed and plays back.","MEDIUM","","","Not Run",""
"PROVIDERS  (`/providers`)","T-60","Add a provider","needs: carrier details.","1. Press Add Provider.
2. Fill in the details and save.","It is listed.","HIGH","","","Not Run",""
"PROVIDERS  (`/providers`)","T-61","Outbound call through the provider","The provider from T-60, a registered device. needs: a number you can call.","1. Point outbound calls at the provider.
2. From the device, dial an outside number.","The far end rings, the call connects with audio, and it appears in Calls as outgoing.","CRITICAL","","","Not Run",""
"PROVIDERS  (`/providers`)","T-62","Inbound from the provider","A number delivered by that provider.","1. Call that number from outside.","The call arrives and follows the routing set for the number.","CRITICAL","","","Not Run",""
"PROVIDERS  (`/providers`)","T-63","Edit a provider","The provider from T-60.","1. Change a setting and save.
2. Reload.","The change is kept and calls still work.","MEDIUM","","","Not Run",""
"PROVIDERS  (`/providers`)","T-64","Delete a provider","A provider not in use.","1. Delete it.","It is gone from the list and from the routing choices.","MEDIUM","","","Not Run",""
"NODES  (`/nodes`)","T-65","Which nodes are connected","You are signed in as root.","1. Open Nodes.","Every node is listed with an up-to-date connected state, and the ones that are actually running show as connected.","CRITICAL","","","Not Run",""
"NODES  (`/nodes`)","T-66","A node that is off shows as off","needs: a node you can stop.","1. Stop the node.
2. Reload Nodes.","It shows as not connected within a few seconds, with a reason.","HIGH","","","Not Run",""
"NODES  (`/nodes`)","T-67","A node's own health","A connected node.","1. Open its health.","Its checks are listed; a node can be connected and still report a failing check.","MEDIUM","","","Not Run",""
"NODES  (`/nodes`)","T-68","A node's logs","A connected node.","1. Press its Logs button.","You see that node's own log lines, not the platform's.","MEDIUM","","","Not Run",""
"NODES  (`/nodes`)","T-69","Add a node","You are root.","1. Add a node and save.","It appears in the list.","MEDIUM","","","Not Run",""
"NODES  (`/nodes`)","T-70","Only root sees Nodes","An account without node rights.","1. Sign in as it.
2. Look for Nodes, then type the address directly.","The screen is neither listed nor reachable.","HIGH","","","Not Run",""
"CALLS  (`/calls`, `/calls-log`)","T-71","Start a call from the screen","A registered device.","1. Start a call to that device from Calls.
2. Answer it.","The device rings, the call connects, and it appears in the live list while it runs.","HIGH","","","Not Run",""
"CALLS  (`/calls`, `/calls-log`)","T-72","A call in progress is shown","A call running.","1. Watch the Calls screen while the call is up.","The call is listed with both parties and a running duration, and disappears when it ends.","HIGH","","","Not Run",""
"CALLS  (`/calls`, `/calls-log`)","T-73","The finished call is in the log","The call from T-71, hung up.","1. Open the call log.","The call is there with the right numbers, direction, start time and duration.","CRITICAL","","","Not Run",""
"CALLS  (`/calls`, `/calls-log`)","T-74","End a call from the screen","A call running.","1. Press hang up on that call.","Both phones drop within a second or two and the call leaves the live list.","HIGH","","","Not Run",""
"CALLS  (`/calls`, `/calls-log`)","T-75","Listen to a recording","A finished call that was recorded.","1. Open it in the call log.
2. Play the recording.","It plays, and it is the right call.","MEDIUM","","","Not Run",""
"CALLS  (`/calls`, `/calls-log`)","T-76","Listen in on a call","A call running. needs: two devices plus your own.","1. Use spy / listen on that call.","You hear both sides; the two parties do not hear you.","MEDIUM","","","Not Run",""
"CALLS  (`/calls`, `/calls-log`)","T-77","Pick up a ringing call","A device ringing.","1. Use pickup from another device.","The ringing call is answered on your device and stops ringing on the first.","MEDIUM","","","Not Run",""
"CALLS  (`/calls`, `/calls-log`)","T-78","Filter and export the log","Several days of calls.","1. Filter by date, direction and number.
2. Export.","The list matches the filter, and the export has the same rows.","MEDIUM","","","Not Run",""
"CALLS  (`/calls`, `/calls-log`)","T-79","An agent sees only their own calls","A user with the portal.","1. Sign in as the user.
2. Open My calls.","They see their own calls, and none of anyone else's.","CRITICAL","","","Not Run",""
"MESSAGES  (`/messages`)","T-80","An incoming message arrives","needs: a messaging channel set up.","1. Send a message to the platform number from outside.","It appears in Messages against the right conversation.","MEDIUM","","","Not Run",""
"MESSAGES  (`/messages`)","T-81","Reply to a message","The conversation from T-80.","1. Reply from the screen.","The reply reaches the sender and is shown in the thread.","MEDIUM","","","Not Run",""
"CAMPAIGNS  (`/campaigns`)","T-82","Create a campaign","A number to call from.","1. Create a campaign and add numbers to call.","It is listed with its numbers.","MEDIUM","","","Not Run",""
"CAMPAIGNS  (`/campaigns`)","T-83","Run a campaign","The campaign from T-82. needs: a number you can answer.","1. Start it.","The numbers are dialled, answered calls follow the campaign's flow, and each attempt shows in the call log.","MEDIUM","","","Not Run",""
"CAMPAIGNS  (`/campaigns`)","T-84","Stop a campaign","A campaign running.","1. Stop it.","No further numbers are dialled.","MEDIUM","","","Not Run",""
"SERVICES  (`/services`)","T-85","Create a webhook","needs: a URL you can watch (any request-catching site).","1. Press New Service.
2. Choose webhook, paste the URL, pick when it should fire and which applications it covers.
3. Save.","It is listed as enabled.","HIGH","","","Not Run",""
"SERVICES  (`/services`)","T-86","The webhook is delivered","The service from T-85. **Wait one minute after saving.**","1. Send it a test event with delivery turned on.
2. Look at your URL.
3. Open the service.","Your URL received the request, and the service's sent counter went up.","CRITICAL","","","Not Run","The screen reports that the event was *sent*, not that your endpoint accepted it — check your own endpoint and the counter. Changes take up to a minute to take effect; judging sooner makes a correct fix look broken."
"SERVICES  (`/services`)","T-87","A real call fires it","The service from T-85, set to fire at end of call.","1. Make and end a call on a covered application.
2. Look at your URL.","The request arrives for the real call, with that call's details.","HIGH","","","Not Run",""
"SERVICES  (`/services`)","T-88","A disabled service does not fire","The service from T-85.","1. Disable it.
2. Wait a minute.
3. Make a call.","Nothing is sent.","MEDIUM","","","Not Run",""
"SERVICES  (`/services`)","T-89","It only covers its own applications","Two applications.","1. Leave the service covering only application A.
2. Make a call on B, then on A.","Only the call on A is sent.","MEDIUM","","","Not Run",""
"SERVICES  (`/services`)","T-90","Screen pop / CRM","needs: a CRM account.","1. Set up the screen-pop service.
2. Take a call from a number known to the CRM.","The record opens for the agent.","MEDIUM","","","Not Run",""
"SERVICES  (`/services`)","T-91","Delete a service","The service from T-85.","1. Delete it.
2. Wait a minute and make a call.","It is gone from the list and nothing more is sent.","MEDIUM","","","Not Run",""
"SUBSCRIPTIONS, TARIFFS AND BILLING","T-92","Add a subscription","An application.","1. Press Add Subscription.
2. Pick the plan and dates.
3. Save.","It is listed against the application with its dates.","HIGH","","","Not Run",""
"SUBSCRIPTIONS, TARIFFS AND BILLING","T-93","Edit a subscription","The subscription from T-92.","1. Change it and save.
2. Reload.","The change is kept.","MEDIUM","","","Not Run",""
"SUBSCRIPTIONS, TARIFFS AND BILLING","T-94","Add balance","The subscription from T-92.","1. Press Add Balance and add an amount.","The balance goes up by that amount and a transaction is recorded.","HIGH","","","Not Run",""
"SUBSCRIPTIONS, TARIFFS AND BILLING","T-95","Calls use the balance","A subscription with a small balance. needs: a chargeable call.","1. Note the balance.
2. Make a chargeable call.
3. Reload.","The balance has gone down and the call is in Transactions with a cost.","CRITICAL","","","Not Run",""
"SUBSCRIPTIONS, TARIFFS AND BILLING","T-96","No balance, no call","A subscription with no balance.","1. Try a chargeable call.","The call is refused, and the reason is visible in Logs.","HIGH","","","Not Run",""
"SUBSCRIPTIONS, TARIFFS AND BILLING","T-97","End a subscription","The subscription from T-92.","1. Terminate it.
2. Try a chargeable call.","It shows as ended and chargeable calls stop working.","HIGH","","","Not Run",""
"SUBSCRIPTIONS, TARIFFS AND BILLING","T-98","Create a tariff","You have full access.","1. Press Create Tariff.
2. Add rates for a few prefixes, including one long and one short.","The tariff is listed with its rates.","HIGH","","","Not Run",""
"SUBSCRIPTIONS, TARIFFS AND BILLING","T-99","What a number costs","The tariff from T-98, with rates for `1` and `1212`.","1. Ask the tariff for the rate for a +1 212 number.","The more specific rate (`1212`) is the one quoted, not `1`.","HIGH","","","Not Run",""
"SUBSCRIPTIONS, TARIFFS AND BILLING","T-100","A disabled rate is not used","The tariff from T-98.","1. Disable one rate.
2. Ask for a number it covered.","That rate is no longer quoted.","MEDIUM","","","Not Run",""
"SUBSCRIPTIONS, TARIFFS AND BILLING","T-101","Create a plan","A tariff.","1. Create a plan and put the tariff on it.
2. Save.","It can be picked when adding a subscription.","MEDIUM","","","Not Run",""
"SUBSCRIPTIONS, TARIFFS AND BILLING","T-102","Transactions add up","A few charged calls.","1. Open Transactions and compare with the call log for the same period.","The charges match the calls; nothing is missing or doubled.","MEDIUM","","","Not Run",""
"AUTOMATION — workflows, bots, schemas, templates","T-103","Create a workflow","You have full access.","1. Press New Workflow.
2. Build a small flow and save.","It is listed and can be reopened exactly as saved.","MEDIUM","","","Not Run",""
"AUTOMATION — workflows, bots, schemas, templates","T-104","A workflow runs on a call","The workflow from T-103, attached to a call flow.","1. Make a call that triggers it.
2. Open Events for that call.","The workflow's steps are recorded against the call.","MEDIUM","","","Not Run",""
"AUTOMATION — workflows, bots, schemas, templates","T-105","Create a bot","needs: an AI provider configured.","1. Press Create Bot.
2. Give it instructions and save.","It is listed.","MEDIUM","","","Not Run",""
"AUTOMATION — workflows, bots, schemas, templates","T-106","A bot answers a call","The bot from T-105, pointed at a number.","1. Call the number.
2. Speak to it.","It answers, responds sensibly, and the call is in the call log.","MEDIUM","","","Not Run",""
"AUTOMATION — workflows, bots, schemas, templates","T-107","Create a schema","You have full access.","1. Press New Schema.
2. Define it and save.","It is listed and reopens as saved.","LOW","","","Not Run",""
"AUTOMATION — workflows, bots, schemas, templates","T-108","Create a template","You have full access.","1. Create a template and save.
2. Use it somewhere it is offered.","It is offered and applies what it defines.","LOW","","","Not Run",""
"AUTOMATION — workflows, bots, schemas, templates","T-109","Ask the assistant","AI configured.","1. Open the assistant and ask about your own data (for example how many calls today).","The answer matches what the screens show.","LOW","","","Not Run",""
"DASHBOARD AND LIVE  (`/`, `/live`)","T-110","Dashboard figures","Some calls today.","1. Open the dashboard.
2. Compare with the call log for the same period.","The totals agree with the call log.","CRITICAL","","","Not Run",""
"DASHBOARD AND LIVE  (`/`, `/live`)","T-111","Live updates while a call runs","A registered device.","1. Open the live screen.
2. Make a call and hang up.","The call appears while it runs and the counts go back down after it ends, without reloading.","CRITICAL","","","Not Run",""
"DASHBOARD AND LIVE  (`/`, `/live`)","T-112","Registered devices are counted","Two registered devices.","1. Watch the live screen.
2. Unregister one.","The registered count falls by one.","MEDIUM","","","Not Run",""
"DASHBOARD AND LIVE  (`/`, `/live`)","T-113","An empty period reads as empty","A quiet period.","1. Open the charts for a period with no calls.","It says there is nothing, rather than showing an error or a blank box.","MEDIUM","","","Not Run",""
"MONITORING, HEALTH, LOGS AND EVENTS","T-114","System health","You are signed in.","1. Open the health screen.","Every check is listed and the essential ones are green.","CRITICAL","","","Not Run",""
"MONITORING, HEALTH, LOGS AND EVENTS","T-115","A stopped service shows red","needs: a service you can stop.","1. Stop it.
2. Reload health.","It goes red and names what is wrong.","HIGH","","","Not Run",""
"MONITORING, HEALTH, LOGS AND EVENTS","T-116","Monitoring charts","Some traffic.","1. Open Monitoring and pick a period.","Charts draw for that period and the periods agree with each other.","MEDIUM","","","Not Run",""
"MONITORING, HEALTH, LOGS AND EVENTS","T-117","Alert thresholds","You have full access.","1. Set a threshold low enough to trip.
2. Cause the condition.","An alert is raised and shown.","MEDIUM","","","Not Run",""
"MONITORING, HEALTH, LOGS AND EVENTS","T-118","Recent activity in Logs","Anything done in the last few minutes.","1. Open Logs.","Recent lines are there, newest first, with times that make sense.","HIGH","","","Not Run",""
"MONITORING, HEALTH, LOGS AND EVENTS","T-119","Find a line","A call you just made.","1. Search Logs for its number or reference.","The lines for that call are found.","HIGH","","","Not Run",""
"MONITORING, HEALTH, LOGS AND EVENTS","T-120","Filter by app and severity","Some traffic.","1. Filter to errors only, then to one app.","Only matching lines are listed.","MEDIUM","","","Not Run",""
"MONITORING, HEALTH, LOGS AND EVENTS","T-121","A record's own history","Any device or number.","1. Open it and press View Logs.","You see that record's lines and nothing unrelated.","MEDIUM","","","Not Run",""
"MONITORING, HEALTH, LOGS AND EVENTS","T-122","A refused call is explained","needs: a number that is not configured.","1. Call it.
2. Open Logs.","One line explains why the call was refused.","MEDIUM","","","Not Run",""
"MONITORING, HEALTH, LOGS AND EVENTS","T-123","Events for a call","A finished call.","1. Open Events and find it.","Its events are listed in order — ringing, answer, hangup.","MEDIUM","","","Not Run",""
"MONITORING, HEALTH, LOGS AND EVENTS","T-124","One customer's logs only","needs: a second customer.","1. Sign in as customer A.
2. Search Logs for something of customer B's.","Nothing of customer B's is returned.","CRITICAL","","","Not Run",""
"REPORTS AND NOTIFICATIONS","T-125","Run a report","Some calls in the period.","1. Open Reports, pick a period, run one.","The figures agree with the call log for that period.","HIGH","","","Not Run",""
"REPORTS AND NOTIFICATIONS","T-126","Export a report","The report from T-125.","1. Export it.","The file downloads and has the same rows as the screen.","MEDIUM","","","Not Run",""
"REPORTS AND NOTIFICATIONS","T-127","Notifications","Something that raises one.","1. Open Notifications.
2. Mark one as read.","It is listed, and it stays read after a reload.","LOW","","","Not Run",""
"THE WHOLE WAY THROUGH — run this last","T-130","A new customer, end to end","You are signed in with full access. needs: two softphones and a number.","1. Create an application.
2. Create two users on it.
3. Register both softphones.
4. Add a number and point it at one of them.
5. Call between the two devices.
6. Call the number from outside.
7. Open the call log, the dashboard and Transactions.","Every step works without a developer touching anything, and the calls you made are the calls the log, the dashboard and the charges show.","CRITICAL","","","Not Run","If this row passes, the release is usable. If it fails, the release is not, whatever else passed."
